name,type
PUMP 5,Pump
TELEBELT2,Telebelt
ROTEC,Rotec
Terex B,BTB
Bomba #7,Pump
BTB 1,BTB
Putzmeister Amarilla,Pump
TELEBELT 4 ROTEC 3,Telebelt
Augermac / Telebelt terex A,Telebelt
Rotec Ferer #2,Rotec
"Telebelt 02, Augermac 02",Telebelt
BOMBA 1,Pump
Augermac / Telebelt 3,Telebelt
Telebelt  4,Telebelt
Bomba Entrena,Pump
BTB M #2,BTB
Telebelt 03 / Augermac 367.06,Telebelt
Telebelt 4/Rotec,Telebelt
Telebelt 01 y 02,Telebelt
Telebelt 02,Telebelt
BTB D4,BTB
BTB 5,BTB
Telebelt 200 / Augermac 6,Telebelt
"Telebelt 01, 2 y 3",Telebelt
Bomba 04,Pump
AUGERMAC/TELEBELT 5,Telebelt
Pump 15,Pump
  BTB 04,BTB
Augermac 377.06,Pump
Telebelt 05 y Trasmoya 02,Telebelt
TELEBELT 03,Telebelt
Bomba Telescopica #5,Pump
 TELEBELT 01,Telebelt
TEREX,BTB
Telebet 01,Telebelt
1T,Telebelt
Bomba telescopica,Pump
BTB,BTB
ROTEC TEREX,Rotec
"BTB 36,7,06 / Telebelt #3",BTB
BTB 03,BTB
 Bomba Telescopica 377-06,Pump
377-04 Amarilla,Pump
Bomba 1,Pump
Schwing 01,Pump
Telebelt 1 / Tramoya 4,Telebelt
PUMP AZUL,Pump
 BOMBA #06,Pump
Telescopic Pump SECEYCO,Pump
Pump 04,Pump
Baby Tower ,BTB
Pump entrena,Pump
PUMP AZUL 7,Pump
PUMP 71,Pump
PUMP 37704,Pump
Seceyco 71,Pump
Augermac Bomba Telescópica,Pump
TELEBELT 6,Telebelt
Pump Celeste,Pump
bomba ce,Pump
PUMP 01,Pump
Terex,BTB
TELEBELT 4,Telebelt
     BTB 04,BTB
TELEBELT #,Telebelt
TEREX A,BTB
"BTB 7715, Bomba alquilada ",BTB
BAB,BTB
Pump #4,Pump
Pump,Pump
BTB 2 (b),BTB
BOMBA  ,Pump
Telebelt 4,Telebelt
BTB 377.07,BTB
BTB 3,BTB
TELEBELT3,Telebelt
Pump 01,Pump
Bomba 01,Pump
PUMP 6 PUTZ,Pump
Rotec-Tramoya 6,Rotec
Telebelt 377 04 Putzmeister 58,Telebelt
PUMP 7,Pump
Telebelt 01 & 02,Telebelt
Rotec 365.01 / Tell 0546,Rotec
PUMP BLUE,Pump
Telebelt 03 /377.04/Putzmeister ,Telebelt
Telebelt #1,Telebelt
BTB 07,BTB
Bomba #07,Pump
Pump 66,Pump
BOMBA AZUL,Pump
Seyco Pump,Pump
TELEBELT 05,Telebelt
Bomba Telescópica 1,Pump
bomba celeste,Pump
PUMP 07,Pump
Seceyco / Bomba azul,Pump
Telebelt 1 - 3,Telebelt
Telebelt #4,Telebelt
BTB 3C,BTB
TELEBELT 3 & 2,Telebelt
Telebelt 7,Telebelt
Telebelt 1,Telebelt
Bomba Telescópica,Pump
"     Telebelt 07, Augermac 04",Telebelt
Bomba,Pump
ROTEC 365.01,Rotec
Telebelt 377.06 - Bomba telescopica 6,Pump
Pump #01 - #04,Pump
Telebelt 366.05,Telebelt
Terex 2,BTB
Telebelt 01/ BTB 06,BTB
BTB #7,BTB
BTB3 TELEBELT 4,BTB
Telescopica 04,Pump
Pump Roja Entrena,Pump
Pump Schwing H01,Pump
Rotec 165-01,Rotec
BOMBA 66,Pump
Pump 6 / Telebelt 5 / BTB 05,BTB
Rotec 365.01  y Tramoya,Rotec
PUMP 377-6 ,Pump
Bomba blanca,Pump
Entrena Pump 9,Pump
Bomba #04,Pump
Telebet 377-06,Telebelt
Telebelt 2,Telebelt
Yellow Pump,Pump
PUMP (TELESCOPIC) TELEBELT,Pump
BTB #1A,BTB
BOMBA ALQUILADA,Pump
Rotec,Rotec
Teleblet 2 - BTB 2,BTB
BTB Bomba/Telebelt 377-06,BTB
Pump ,Pump
"Rotec 40, Telebelt 56",Telebelt
BTB   ,BTB
BTB 2 / Telebelt 2,BTB
Telescopica 377.07,Pump
Telebelt ,Telebelt
Pump 7,Pump
TELEBELT  3,Telebelt
PUMP Putzmeister,Pump
   Bomba # 07,Pump
Teleblet 2,Telebelt
Pump 6,Pump
   Bomba 04,Pump
Baby Tower,BTB
BTB4 TELEBELT 3,BTB
  TELEBELT 377.06,Telebelt
Telebelt 2-1,Telebelt
PUMP 2,Pump
Pump #3,Pump
bomba 04,Pump
Bomba azul,Pump
BOMBA SESEYCO,Pump
Bomba telescopica 06,Pump
TELEBELT 2,Telebelt
Telebelt 01,Telebelt
  Bomba 07,Pump
*pump,Pump
Telebelt #5,Telebelt
Bomba Seceyco,Pump
Pump #1,Pump
Telebelt 02  y 03,Telebelt
BTB #2 ,BTB
Augermac / Telebelt,Telebelt
BTB #2 / Telebelt #4,BTB
Telebelt 07,Telebelt
Telebelt 5,Telebelt
Pump Roja,Pump
Bomba 0377.07,Pump
AUGERMAC 01 MIXER PUMP (TELESCOPIC),Pump
AUGERMAC/TELEBELT 2,Telebelt
Pump 6 / Telebelt 5,Pump
Telebelt / Rotec,Telebelt
Augermac / Telebelt 2,Telebelt
BTB #47,BTB
Bomba # 04,Pump
Pump Putz 06,Pump
BTB#01,BTB
ROTEC 3,Rotec
Telebelt Seceyco,Telebelt
PUMP TRAMOYA,Pump
PUMP 377-06,Pump
Telebelt Bomba 07,Pump
 BTB 07,BTB
GRUA,BTB
 Bomba telescopica#4,Pump
Putzmesiter/Telebet/ Augermac,Pump
BOMBA 06,Pump
Telebelt 2 / Tramolla 1,Telebelt
  Telebelt 02 y Trasmoya,Telebelt
BOMBA TELESCOPICA ,Pump
TELEBELT 04,Telebelt
    Telebelt,Telebelt
Rotec/Pump,Pump
BTB C,BTB
PUMP 377-04,Pump
BTB C/TELEBELT 2,BTB
Pump 5,Pump
Augermac Bom,Pump
 Telebelt 377.04,Telebelt
BTB1 A,BTB
Putzmeizter 58 /Bomba 07,Pump
PUMP putzmeister m58,Pump
377-04  bombleable,Pump
BTB / TELEBELT 02,BTB
PUMP 71 SECEYCO,Pump
ROTEC  ,Rotec
TELEBELT 01/TRAMOYA 05,Telebelt
    Telebelt 377.07,Telebelt
BOMBA PUTZMEISTER 04,Pump
PUMP C6,Pump
Telebelt 6,Telebelt
PUMP Putzmeister 7,Pump
Seceyco PL 071,Pump
Bomba #4,Pump
  BTB,BTB
 BOMBA 06,Pump
Pump 377-04,Pump
PUMP Secayco,Pump
BTB  ,BTB
Telescopic Pump - Augermac,Pump
Telebelt 1-3,Telebelt
Bomba Azul,Pump
Augermac / Telebelt ,Telebelt
BTB 2B,BTB
BTB M58,BTB
BTB/AUGERMAC,BTB
Rotec # 1A,Rotec
BTB 06,BTB
BTB #2 (B),BTB
BTB C ,BTB
BOMBA TELESCOPICA,Pump
BTB 377-07,BTB
BTB / No info,BTB
BTB 2(B),BTB
BOMBA TELESCOPICA 4,Pump
GRUA D,BTB
BOMBA 4,Pump
Bomba 377.07,Pump
"Telebelt 5, Pump 2",Pump
TELEBELT 3,Telebelt
" Telebelt 05, Rotec 365.01",Telebelt
Rotec B,Rotec
Pump 377-01,Pump
Pump #6,Pump
BTB 4 ,BTB
PUMP (TELESCOPIC),Pump
BTB #2(B),BTB
BTB D 4,BTB
ROTEC 01,Rotec
BTB 02,BTB
Pump 32,Pump
TELBELT 4,Telebelt
BTB A,BTB
BOMBA PUTZMEISTER #5,Pump
Rotec #2,Rotec
  Telebelt 05,Telebelt
Bomba Telebelt 03 /367.06,Pump
 Pump 377-07,Pump
BOMBA 6,Pump
Pump 6 ,Pump
BOMBA 7 ,Pump
TELEBELT tramoya #1,Telebelt
Telebelt 1 y 3,Telebelt
Bomba #6,Pump
TELEBELT ROJA,Telebelt
Pump 4,Pump
BTB #3,BTB
Bomba 377-006,Pump
BOMBA ROJA,Pump
Telebelt 2 y 1,Telebelt
PUMP7,Pump
BTB #2,BTB
Telebelt 5 y 3,Telebelt
"Telebelt 1, Rotec 1",Telebelt
Telebelt 3 y 2,Telebelt
PUMP 6,Pump
TELEBELT 366-02,Telebelt
Pump 377-07,Pump
BTB 3 ,BTB
Bomba 06,Pump
"Rotec 365.01, Augermac te 110546",Rotec
Pump #7,Pump
Putzmeister #4,Pump
Telebelt 377.06,Telebelt
Rotec # 1,Rotec
Pump 71,Pump
BTB Terex,BTB
Pump #5,Pump
BOMBA 3240,Pump
Telebelt 2 / BTB,BTB
Telebelt 02/377.04,Telebelt
Telebelt 377.07 Bomba 07,Pump
BOMBA M58-04,Pump
   Telebelt 01 y trasmayo 02,Telebelt
BOMBA 7,Pump
TELBELT 04,Telebelt
 Bomba amarilla,Pump
TELEBELT 03/ TRAMOYA 02,Telebelt
BTB (B),BTB
PUMP 377-4,Pump
Bomba 377-06,Pump
BTB Pump 6,BTB
Pump 377-0,Pump
Augermac/ Telebelt BTB 1,BTB
Bomba 377-04,Pump
PUMP ,Pump
Bomba 07 - 04,Pump
PUMP AMARILLA,Pump
PUMP 4,Pump
Telebelt 366-04,Telebelt
BTB or pump,BTB
TELEBELT 02,Telebelt
TELEBELT 1,Telebelt
PUMP 1,Pump
BTB 8876/M58,BTB
BOMBA 5,Pump
Telebelt 02 Trasmayo 02,Telebelt
Pump 07,Pump
BOMBA,Pump
BOMBA SECEYCO,Pump
PUMP seceyco,Pump
TELEBELT 01,Telebelt
Telebelt 03 - 02,Telebelt
PUMP 3,Pump
BTB IIB,BTB
Telebelt 5 / Augermac 1,Telebelt
Seceyco,Pump
BTB #4,BTB
  Telebelt / trasmoya,Telebelt
  Bomba ,Pump
Telebelt 3,Telebelt
PUMP putz 6,Pump
TELEBELT02,Telebelt
ROTEC 3 C,Rotec
PUMP entrena,Pump
BOMBA ,Pump
Telebelt 03-02,Telebelt
Teleblet 3,Telebelt
bomba seceyco,Pump
TELEBELT 02 & ROTEC 01,Telebelt
BTB 04,BTB
BTB 01-02  Telebelt 05-03,BTB
Augermac / Telebelt Putzait,Telebelt
Amarilla Pump,Pump
BTB 4 D,BTB
BTB Pump 7,BTB
BOMBA 04,Pump
TELEBET,Telebelt
BOMBA 377-04,Pump
Telebelt  5,Telebelt
TOWER D,BTB
BTB D ,BTB
 Telebelt 01,Telebelt
Telebelt 377.07,Telebelt
BTB/PUTZMEISTER,BTB
TELEBELT 7,Telebelt
Telebelt 01 y  03,Telebelt
ROTEC 365-01,Rotec
BOMBA SCHWING 32X6,Pump
PUMP,Pump
Pump Entrena,Pump
BTB 05,BTB
Terex No.2,BTB
BTB ,BTB
377-07,Pump
BOMBA PUTZMESITER 04,Pump
A - Bomba 07,Pump
BOMBA M58M12,Pump
BOMBA M58,Pump
ROTEC 05,Rotec
Bomba 07,Pump
Pump 06,Pump
Pump Amarilla,Pump
Pump 9,Pump
TELEBELT 01-A,Telebelt
Augermac 377.04,Pump
Seceyco Pump,Pump
Telebelt 377 04 / 02,Telebelt
Telebelt 1 y 2,Telebelt
PUMP Putzmeister 4,Pump
Telebelt 377-04 Telescopica,Telebelt
BTB #4 / Telebelt #1,BTB
BTB #1 (A),BTB
TELEBELT4,Telebelt
Pump Blanca,Pump
Telebelt 377-07,Telebelt
Telebelt PL69,Telebelt
Pump Seseyco,Pump
PUMP ENTRENA,Pump
BTB Terex B,BTB
BTB Amarilla,BTB
PUMP 377-6 PUTZ,Pump
Pump  Blanca,Pump
BTB Pump 71,BTB
Rent Pump,Pump
TELBELT 05,Telebelt
   Bomba TELEBELT 04,Pump
BTB C 3,BTB
BTB A ,BTB
Putzmeister - Telebelt 4,Telebelt
BTB TOWER,BTB
  BTB 04 - AUGERMAC484,BTB
Azul Pump,Pump
BOMBA ENTRENA,Pump
Telebelt 377-06,Telebelt
BTB C #3,BTB
ROTEC 1,Rotec
BTB B,BTB
Telebelt 377-06 / putzmeister m58,Telebelt
 BTB A,BTB
Bomba 377-0,Pump
PUMP 377-07,Pump
Telescopic Pump 07,Pump
TELEBELT 365-01,Telebelt
Bomba 6 / BTB,BTB
BTB-H377.04/ROTEC NOCTURNO,BTB
telebelt 4 tmlla 04,Telebelt
BOMBA 337-06,Pump
Telebelt 05,Telebelt
BTB Cia Entrena,BTB
Telebelt #2,Telebelt
Bomba PM Azul,Pump
Pump Azul,Pump
BTB C/TELEBELT 4,BTB
Bomba telescopica #07,Pump
BTB H2,BTB
Telebelt #04,Telebelt
Pump #04,Pump
  BTB A/ TELEBELT 1,BTB
Telebelt 200,Telebelt
Carro Bomba II,Pump
Telebelt 3A 06,Telebelt
bomba,Pump
Pump #4 M58,Pump
Telebelt 01 y Trazmoya 03,Telebelt
Telebelt 366.02,Telebelt
Bomba telescopica 04,Pump
TELBELT 01,Telebelt
BOMBA7,Pump
"Telebelt 2/
 Augermac 5",Telebelt
Telescopic Pump,Pump
TELEBELT / PUMP,Pump
Bomba # 06,Pump
Pump 377.04,Pump
Pump 1965,Pump
Telebelt 2 ,Telebelt
Telebelt 03 377.04,Telebelt
Telebelt 2 / Augermac 1,Telebelt
Pump 1,Pump
Telebelt or pump,Pump
Bomba telescopica#4,Pump
 Telebelt 04 y Trasmoya 01,Telebelt
BOMBA 71,Pump
BTB 3 C,BTB
BTB2,BTB
Putzmeister,Pump
Telebelt 04,Telebelt
BTB 2,BTB
Telebet 377:06,Telebelt
BTB #2b,BTB
Bomba No.4,Pump
T2,Telebelt
PUMP Schwing 1,Pump
BTB 6,BTB
Telebelt   366.01,Telebelt
PUMP 06,Pump
BTB 3Y4 TELEBELT 4Y3,BTB
Telescopic Pump SCHWING 01,Pump
ROTEC ,Rotec
ROTEC 192,Rotec
TELEBELT 1-2,Telebelt
Pump 377-06,Pump
Bomba telescopica M58,Pump
Telebelt #200,Telebelt
Terex 02,BTB
Rotec  Tramolla #2,Rotec
TELEBELT 02/TRAMOYA 05,Telebelt
Telebelt 1 & 2,Telebelt
Telebelt 377-04,Telebelt
Putzmeister #6,Pump
BTB-D 4,BTB
BTB D,BTB
BOMBA AMARILLA,Pump
ROTEC 7,Rotec
TEREX 3,BTB
BOMBA PUTZMAIZER 04,Pump
   Bomba 07,Pump
BTB 377-04,BTB
Augermac / Telebelt  BTB 1,BTB
BTB B2,BTB
Pump 377 02/01,Pump
   BTB 06,BTB
"Telebelt 05, Augermac 02",Telebelt
BTB 4,BTB
Bomba 01 Blanca,Pump
BTB Pump 4,BTB
Telebelt 2 & 3,Telebelt
TELEBET 1,Telebelt
Rotec #2 (B),Rotec
Telebelt 366-05,Telebelt
PUMP 37706,Pump
BTB Terex #2,BTB
Pump  377-07,Pump
BTB1,BTB
   BTB Bomba,BTB
Telebet 02,Telebelt
Telebelt 366.04,Telebelt
Telebelt tramolla #2,Telebelt
PUMP 99501,Pump
Telescopic Pump ,Pump
 Telebelt,Telebelt
Bomba Telescópica 4,Pump
PUMP AMARILLA BTB 1A,BTB
Rotec   Tramoya,Rotec
Telebelt 03,Telebelt
Telebelt #01,Telebelt
   Telebelt 02,Telebelt
   Bomba # 04,Pump
Augermac Telescopic Pump,Pump
BTB 01,BTB
Bomba Alquilada,Pump
Putzmeister 07,Pump
ROTEC 24,Rotec
2 telebelt,Telebelt
Bomba 377.06,Pump
PUMP377-07,Pump
BOMBA 377-06,Pump
BOMBA 01,Pump
TELEBELT 5,Telebelt
PUMP 58,Pump
Pump / Telebelt / Rotec,Pump
Telebelt 01/02,Telebelt
Bomba amarilla,Pump
Telebelt 01 y 03,Telebelt
TELEBELT ,Telebelt
TEREX ,BTB
Telebelt 366.01,Telebelt
  Telebelt 01,Telebelt
PUMP roja 6,Pump
TELEBELT 1 & 3,Telebelt
Telebelt #02,Telebelt
Augermac 377-06/07,Pump
Pump Putxmister / Telebelt 6,Pump
Telescopic Pump 4,Pump
Telebelt #3,Telebelt
Telebelt 02 - 03,Telebelt
PUMP SECEYCO ROJA,Pump
TELEBELT 3-1,Telebelt
TELEBELT,Telebelt
Bomba 377-07,Pump
BTB 7,BTB
    BTB 7,BTB
BOMBA 07,Pump
Augermac / Telebelt 5,Telebelt
Pump Yellow,Pump
ROTEC 365,Rotec
Telebet 03,Telebelt
Bomba #06,Pump
